video_id,title,published_at
i3Pc-Z8YzMQ,Build a mobile app using the Home APIs on Android,2025-06-13T13:01:23Z
eFXr0DrbcVc,What I/O announcement made made your team most proud? (Chrome&#39;s Version),2025-06-13T04:00:56Z
_cdjPCkdGXU,Build a mobile app using the Home APIs on Android,2025-06-12T20:00:32Z
eCLMWJY1RAg,What kind of use cases is Gemma 1B on-device oriented for? Letâ€™s find out.,2025-06-12T16:42:52Z
21_pmVP7gtA,&quot;What keeps you coming to Google I/O year after year?&quot;,2025-06-12T04:00:02Z
Cc4rrw0fee8,Refactoring legacy code or debugging in production?  ðŸ’­,2025-06-11T04:00:14Z
9_GiWxsIwrE,Google Wallet at I/Oâ€™25: Your essential recap with Q&amp;A,2025-06-10T17:06:52Z
qqHFXC2n2Xc,Just in from the news desk ðŸ“°: Angular V20 is here!,2025-06-10T13:01:28Z
PvKEHPbZ4-Y,Hybrid LLMs: Utilizing Gemini and Gemma for Edge AI applications,2025-06-04T20:00:16Z
0qhKmtsfBaw,Google Wallet Passes: Are you making the most of your links?,2025-03-07T17:42:54Z
